City_ID,City,Country,Lat,Lng,Max Temp,Humidity,Cloudiness,Wind Speed,Current Description,Date
0,Albany,US,42.6001,-73.9662,26.17,53,100,1.99,overcast clouds,2022-02-13 19:47:54
1,Nolinsk,RU,57.5596,49.9363,1.71,100,95,3.31,light snow,2022-02-13 19:52:57
2,Hobart,AU,-42.8794,147.3294,60.66,82,75,12.66,broken clouds,2022-02-13 19:45:43
3,Mahibadhoo,MV,3.7833,72.9667,81.48,78,100,12.06,overcast clouds,2022-02-13 19:52:57
4,Ushuaia,AR,-54.8,-68.3,40.66,81,100,26.46,moderate rain,2022-02-13 19:43:31
5,Te Anau,NZ,-45.4167,167.7167,47.35,88,34,1.59,scattered clouds,2022-02-13 19:52:58
6,Chulym,RU,55.0997,80.9572,22.03,95,100,12.8,light snow,2022-02-13 19:52:58
7,Bredasdorp,ZA,-34.5322,20.0403,69.12,73,92,14.97,overcast clouds,2022-02-13 19:48:32
8,Trairi,BR,-3.2778,-39.2689,81.79,74,14,10.63,few clouds,2022-02-13 19:48:21
9,Carnarvon,AU,-24.8667,113.6333,77.07,88,3,5.75,clear sky,2022-02-13 19:48:20
10,Fortuna,US,40.5982,-124.1573,44.94,54,84,3.83,broken clouds,2022-02-13 19:48:17
11,Smirnykh,RU,49.75,142.8333,7.2,94,97,5.77,overcast clouds,2022-02-13 19:52:59
12,Punta Arenas,CL,-53.15,-70.9167,50.11,50,40,39.12,scattered clouds,2022-02-13 19:46:35
13,Vagur,FO,61.4732,-6.8119,36.21,73,100,33.49,overcast clouds,2022-02-13 19:53:00
14,Hilton Head Island,US,32.2163,-80.7526,66.31,58,100,5.01,overcast clouds,2022-02-13 19:53:00
15,Bluff,NZ,-46.6,168.3333,47.8,87,9,6.11,clear sky,2022-02-13 19:47:59
16,San Quintin,MX,30.4833,-115.95,76.03,20,9,7.52,clear sky,2022-02-13 19:49:23
17,Cherskiy,RU,68.75,161.3,-21.01,97,100,7.94,overcast clouds,2022-02-13 19:48:53
18,Luanda,AO,-8.8368,13.2343,78.8,73,0,6.91,clear sky,2022-02-13 19:52:16
19,Provideniya,RU,64.3833,-173.3,-14.48,95,19,3.15,few clouds,2022-02-13 19:47:49
20,Kodinsk,RU,58.6881,99.1844,-20.25,100,60,2.91,broken clouds,2022-02-13 19:50:50
21,Mouzouras,GR,35.5333,24.15,53.44,87,75,8.05,broken clouds,2022-02-13 19:53:02
22,Nouadhibou,MR,20.931,-17.0347,67.98,73,100,16.11,overcast clouds,2022-02-13 19:53:02
23,Brae,GB,60.3964,-1.353,40.91,88,100,11.25,overcast clouds,2022-02-13 19:50:36
24,Jamestown,US,42.097,-79.2353,22.64,38,100,5.75,overcast clouds,2022-02-13 19:47:51
25,Mataura,NZ,-46.1927,168.8643,47.48,97,27,2.95,scattered clouds,2022-02-13 19:48:20
26,Los Llanos De Aridane,ES,28.6585,-17.9182,62.35,66,20,10.36,few clouds,2022-02-13 19:47:23
27,Yellowknife,CA,62.456,-114.3525,-14.58,76,75,4.61,broken clouds,2022-02-13 19:48:17
28,Tarbes,FR,43.25,0.1667,61.27,36,75,16.11,broken clouds,2022-02-13 19:53:04
29,Saskylakh,RU,71.9167,114.0833,-16.6,86,26,3.22,scattered clouds,2022-02-13 19:48:40
30,Rikitea,PF,-23.1203,-134.9692,78.26,72,76,12.1,light rain,2022-02-13 19:48:01
31,Nome,US,64.5011,-165.4064,-12.84,70,0,0.0,clear sky,2022-02-13 19:51:13
32,Lebu,CL,-37.6167,-73.65,65.7,72,84,11.63,broken clouds,2022-02-13 19:49:04
33,Hilo,US,19.7297,-155.09,76.24,77,0,3.44,clear sky,2022-02-13 19:47:55
34,Port Alfred,ZA,-33.5906,26.891,72.9,84,96,10.2,overcast clouds,2022-02-13 19:48:06
35,Fairbanks,US,64.8378,-147.7164,13.82,84,100,0.0,light snow,2022-02-13 19:53:05
36,Ohara,JP,35.25,140.3833,37.94,96,100,30.0,overcast clouds,2022-02-13 19:53:06
37,Bethel,US,41.3712,-73.414,31.59,71,100,9.22,light snow,2022-02-13 19:48:14
38,Waipawa,NZ,-41.4122,175.5153,54.45,82,100,12.17,overcast clouds,2022-02-13 19:53:06
39,Hermanus,ZA,-34.4187,19.2345,73.9,83,26,16.22,scattered clouds,2022-02-13 19:48:44
40,Pisco,PE,-13.7,-76.2167,80.65,50,0,12.66,clear sky,2022-02-13 19:50:30
41,San Patricio,US,28.017,-97.5169,64.49,22,0,6.93,clear sky,2022-02-13 19:50:35
42,Saldanha,ZA,-33.0117,17.9442,69.85,90,0,20.18,clear sky,2022-02-13 19:49:28
43,Iqaluit,CA,63.7506,-68.5145,-16.31,75,100,3.44,overcast clouds,2022-02-13 19:47:53
44,Cabedelo,BR,-6.9811,-34.8339,86.67,71,10,11.39,clear sky,2022-02-13 19:53:08
45,Tasiilaq,GL,65.6145,-37.6368,17.76,71,100,9.89,overcast clouds,2022-02-13 19:47:02
46,Aklavik,CA,68.2191,-135.0107,-24.77,68,75,3.44,broken clouds,2022-02-13 19:49:38
47,Mar Del Plata,AR,-38.0023,-57.5575,69.82,60,0,9.22,clear sky,2022-02-13 19:48:07
48,Isangel,VU,-19.55,169.2667,78.91,94,40,4.61,scattered clouds,2022-02-13 19:49:38
49,Barrow,US,71.2906,-156.7887,-29.18,68,0,9.22,clear sky,2022-02-13 19:47:49
50,Khatanga,RU,71.9667,102.5,-24.38,93,83,2.77,broken clouds,2022-02-13 19:48:43
51,Chuy,UY,-33.6971,-53.4616,72.5,40,1,13.87,clear sky,2022-02-13 19:43:24
52,Luderitz,NA,-26.6481,15.1594,75.22,62,0,12.1,clear sky,2022-02-13 19:49:56
53,Dikson,RU,73.5069,80.5464,-4.09,87,100,25.34,overcast clouds,2022-02-13 19:44:42
54,Baykit,RU,61.67,96.37,-16.76,100,96,3.71,overcast clouds,2022-02-13 19:49:11
55,Mayor Pablo Lagerenza,PY,-19.9309,-60.7718,90.46,38,71,4.32,broken clouds,2022-02-13 19:53:10
56,Busselton,AU,-33.65,115.3333,63.05,75,0,11.5,clear sky,2022-02-13 19:44:20
57,Broome,US,42.2506,-75.833,24.22,60,100,11.5,overcast clouds,2022-02-13 19:49:55
58,Qaanaaq,GL,77.484,-69.3632,-7.82,89,100,2.95,overcast clouds,2022-02-13 19:48:29
59,Torbay,CA,47.6666,-52.7314,43.57,63,75,21.85,broken clouds,2022-02-13 19:45:49
60,Kodiak,US,57.79,-152.4072,34.61,78,10,3.85,clear sky,2022-02-13 19:47:58
61,Atuona,PF,-9.8,-139.0333,77.54,79,24,14.74,light rain,2022-02-13 19:48:11
62,College,US,64.8569,-147.8028,13.8,84,100,0.0,light snow,2022-02-13 19:51:25
63,Mount Isa,AU,-20.7333,139.5,73.17,88,33,0.0,scattered clouds,2022-02-13 19:50:43
64,Georgetown,MY,5.4112,100.3354,79.9,84,40,5.99,light rain,2022-02-13 19:48:09
65,Boende,CD,-0.2167,20.8667,81.64,60,95,5.23,overcast clouds,2022-02-13 19:50:07
66,Ous,RU,60.9058,61.5186,0.34,99,96,3.2,overcast clouds,2022-02-13 19:53:12
67,Belyy Yar,RU,53.6039,91.3903,-25.71,83,87,2.24,mist,2022-02-13 19:48:36
68,Vao,NC,-22.6667,167.4833,79.57,85,100,7.85,overcast clouds,2022-02-13 19:53:13
69,East London,ZA,-33.0153,27.9116,73.54,82,71,8.32,broken clouds,2022-02-13 19:48:23
70,Laguna,US,38.421,-121.4238,80.2,45,0,3.44,clear sky,2022-02-13 19:48:34
71,Vaini,TO,-21.2,-175.2,80.76,83,40,5.75,scattered clouds,2022-02-13 19:47:50
72,Mahebourg,MU,-20.4081,57.7,81.25,89,75,6.91,broken clouds,2022-02-13 19:51:06
73,Bayir,TR,37.2687,28.2167,43.32,90,17,3.44,few clouds,2022-02-13 19:53:14
74,Yongan,CN,39.6957,113.6871,2.01,94,87,2.75,overcast clouds,2022-02-13 19:53:14
75,Houma,US,29.5958,-90.7195,55.0,38,0,13.09,clear sky,2022-02-13 19:51:26
76,Vinh,VN,18.6667,105.6667,59.83,89,100,6.51,overcast clouds,2022-02-13 19:53:15
77,Arkadelphia,US,34.1209,-93.0538,57.58,31,0,11.21,clear sky,2022-02-13 19:53:15
78,Gap,FR,44.6667,6.0,25.43,74,71,5.46,broken clouds,2022-02-13 19:53:16
79,Henties Bay,NA,-22.116,14.2845,74.86,84,36,5.61,moderate rain,2022-02-13 19:53:16
80,Pudozh,RU,61.8099,36.5345,30.07,95,100,11.43,snow,2022-02-13 19:53:17
81,Westport,US,41.1415,-73.3579,32.45,78,100,12.66,light snow,2022-02-13 19:50:43
82,Vila Velha,BR,-20.3297,-40.2925,82.35,83,75,13.8,broken clouds,2022-02-13 19:49:26
83,Marsh Harbour,BS,26.5412,-77.0636,75.51,80,100,19.28,light rain,2022-02-13 19:53:18
84,Tuktoyaktuk,CA,69.4541,-133.0374,-36.4,74,20,9.22,few clouds,2022-02-13 19:47:54
85,Buala,SB,-8.145,159.5921,79.0,83,99,6.31,light rain,2022-02-13 19:53:19
86,Reyes,BO,-14.3167,-67.3833,76.96,83,100,1.72,overcast clouds,2022-02-13 19:53:19
87,Victoria Point,AU,-27.5833,153.3,71.19,87,67,3.0,light rain,2022-02-13 19:53:19
88,Puerto Ayora,EC,-0.7393,-90.3518,82.36,87,87,5.99,overcast clouds,2022-02-13 19:48:05
89,Sitka,US,57.0531,-135.33,37.29,81,100,8.05,overcast clouds,2022-02-13 19:48:10
90,Upernavik,GL,72.7868,-56.1549,-6.79,96,100,14.14,overcast clouds,2022-02-13 19:48:26
91,Faanui,PF,-16.4833,-151.75,80.82,74,100,15.28,light rain,2022-02-13 19:48:22
92,Vardo,NO,70.3705,31.1107,26.58,63,75,24.16,broken clouds,2022-02-13 19:44:09
93,Bendigo,AU,-36.7667,144.2833,70.57,53,1,6.78,clear sky,2022-02-13 19:50:55
94,Mount Gambier,AU,-37.8333,140.7667,60.71,94,100,9.22,overcast clouds,2022-02-13 19:46:42
95,Souillac,MU,-20.5167,57.5167,81.36,89,75,6.91,light rain,2022-02-13 19:48:05
96,Thompson,CA,55.7435,-97.8558,-7.44,71,100,8.05,overcast clouds,2022-02-13 19:45:22
97,Padang,ID,-0.9492,100.3543,76.5,84,100,4.0,overcast clouds,2022-02-13 19:44:38
98,Qaqortoq,GL,60.7167,-46.0333,25.43,88,100,8.23,overcast clouds,2022-02-13 19:50:38
99,Bathsheba,BB,13.2167,-59.5167,83.01,65,40,18.41,scattered clouds,2022-02-13 19:44:41
100,Saint-Philippe,RE,-21.3585,55.7679,80.19,85,34,7.47,scattered clouds,2022-02-13 19:47:13
101,Cape Town,ZA,-33.9258,18.4232,69.28,83,20,21.85,few clouds,2022-02-13 19:45:16
102,Tefe,BR,-3.3542,-64.7114,87.91,66,40,5.75,moderate rain,2022-02-13 19:53:22
103,Veliki Trnovac,RS,42.4767,21.7405,42.64,92,100,1.86,overcast clouds,2022-02-13 19:53:23
104,Klaksvik,FO,62.2266,-6.589,34.72,66,100,30.33,overcast clouds,2022-02-13 19:48:54
105,Hamilton,US,39.1834,-84.5333,30.78,55,20,6.91,few clouds,2022-02-13 19:44:31
106,Mandalgovi,MN,45.7625,106.2708,-6.11,80,77,7.78,broken clouds,2022-02-13 19:53:24
107,Wajima,JP,37.4,136.9,38.89,67,85,20.0,overcast clouds,2022-02-13 19:53:24
108,Sioux Lookout,CA,50.1001,-91.917,-3.62,54,75,4.61,broken clouds,2022-02-13 19:50:08
109,Buenaventura,CO,3.8801,-77.0312,78.08,92,96,5.88,overcast clouds,2022-02-13 19:53:25
110,Kapaa,US,22.0752,-159.319,76.12,75,40,14.97,scattered clouds,2022-02-13 19:48:22
111,Deputatskiy,RU,69.3,139.9,-22.02,96,83,6.78,broken clouds,2022-02-13 19:47:59
112,Caarapo,BR,-22.6342,-54.8222,91.54,30,67,3.51,broken clouds,2022-02-13 19:53:26
113,Mkushi,ZM,-13.6202,29.3939,63.82,96,89,3.42,overcast clouds,2022-02-13 19:51:34
114,Morondava,MG,-20.2833,44.2833,80.22,84,83,2.42,light rain,2022-02-13 19:44:34
115,Itarema,BR,-2.9248,-39.9167,82.27,72,8,13.76,clear sky,2022-02-13 19:51:08
116,Devils Lake,US,48.1128,-98.8651,9.95,75,100,20.71,overcast clouds,2022-02-13 19:53:27
117,Cap Malheureux,MU,-19.9842,57.6142,81.46,78,90,7.0,overcast clouds,2022-02-13 19:53:28
118,Krasnoarmeysk,RU,51.0239,45.6969,23.29,92,95,13.47,overcast clouds,2022-02-13 19:53:28
119,Ancud,CL,-41.8697,-73.8203,80.22,72,24,6.06,few clouds,2022-02-13 19:53:28
120,Castro,BR,-24.7911,-50.0119,81.64,52,6,2.91,clear sky,2022-02-13 19:47:56
121,Bud,US,39.447,-86.1758,27.3,81,100,8.88,light snow,2022-02-13 19:53:29
122,Vila Do Maio,CV,15.1333,-23.2167,75.99,75,91,18.61,overcast clouds,2022-02-13 19:51:40
123,Constitucion,CL,-35.3333,-72.4167,67.98,70,53,9.31,broken clouds,2022-02-13 19:49:18
124,Altay,CN,47.8667,88.1167,2.75,74,55,7.56,broken clouds,2022-02-13 19:53:30
125,Tessalit,ML,20.1986,1.0114,68.41,16,19,11.39,few clouds,2022-02-13 19:49:36
126,Beringovskiy,RU,63.05,179.3167,-27.72,97,14,6.89,few clouds,2022-02-13 19:49:19
127,Cooma,AU,-36.2333,149.1333,47.97,93,100,3.44,overcast clouds,2022-02-13 19:53:30
128,Novobiryusinskiy,RU,56.9578,97.7076,-18.02,99,10,4.14,clear sky,2022-02-13 19:53:31
129,Kochubey,RU,44.3861,46.5825,33.49,60,1,5.93,clear sky,2022-02-13 19:53:31
130,Nabire,ID,-3.3667,135.4833,75.54,92,100,3.56,overcast clouds,2022-02-13 19:50:02
131,Airai,TL,-8.9266,125.4092,58.48,90,37,1.92,scattered clouds,2022-02-13 19:48:16
132,Pacific Grove,US,36.6177,-121.9166,80.8,52,0,4.61,clear sky,2022-02-13 19:51:22
133,Haines Junction,CA,60.7522,-137.5108,13.95,79,100,0.0,overcast clouds,2022-02-13 19:49:31
134,Vostok,RU,46.4856,135.8833,2.7,98,100,1.19,overcast clouds,2022-02-13 19:53:32
135,Ahipara,NZ,-35.1667,173.1667,64.69,68,78,9.46,broken clouds,2022-02-13 19:49:03
136,Rafai,CF,4.95,23.9167,77.27,29,96,2.37,overcast clouds,2022-02-13 19:53:33
137,Cidreira,BR,-30.1811,-50.2056,70.32,91,100,7.7,overcast clouds,2022-02-13 19:48:22
138,Tautira,PF,-17.7333,-149.15,86.02,76,91,16.15,light rain,2022-02-13 19:48:25
139,Opuwo,NA,-18.0607,13.84,69.98,84,99,9.15,light rain,2022-02-13 19:51:51
140,Nikolskoye,RU,59.7035,30.7861,32.88,89,100,12.95,snow,2022-02-13 19:48:03
141,Ponta Do Sol,PT,32.6667,-17.1,65.07,73,96,2.33,overcast clouds,2022-02-13 19:48:42
142,Shellbrook,CA,53.2168,-106.4011,18.63,84,29,15.66,scattered clouds,2022-02-13 19:53:34
143,Katsuura,JP,35.1333,140.3,38.1,97,100,30.96,moderate rain,2022-02-13 19:49:51
144,New Norfolk,AU,-42.7826,147.0587,60.3,69,90,0.98,overcast clouds,2022-02-13 19:48:04
145,Ocumare Del Tuy,VE,10.1165,-66.7761,86.61,42,99,7.31,overcast clouds,2022-02-13 19:53:35
146,Victoria,HK,22.2855,114.1577,60.33,87,100,8.99,overcast clouds,2022-02-13 19:46:55
147,Litovko,RU,49.2361,135.1742,11.23,97,100,2.73,light snow,2022-02-13 19:53:36
148,Yulara,AU,-25.2406,130.9889,66.04,39,3,5.75,clear sky,2022-02-13 19:53:36
149,Talnakh,RU,69.4865,88.3972,-7.26,70,17,9.15,few clouds,2022-02-13 19:49:40
150,Belaya Gora,RU,68.5333,146.4167,-20.2,96,89,5.44,overcast clouds,2022-02-13 19:48:00
151,Bambous Virieux,MU,-20.3428,57.7575,81.21,89,75,6.91,broken clouds,2022-02-13 19:48:41
152,Shingu,JP,33.7333,135.9833,45.91,87,100,4.81,light rain,2022-02-13 19:50:22
153,Port Lincoln,AU,-34.7333,135.8667,65.95,85,92,9.98,overcast clouds,2022-02-13 19:47:14
154,Berlevag,NO,70.8578,29.0864,21.0,73,75,3.44,light shower snow,2022-02-13 19:52:02
155,West Fargo,US,46.875,-96.9004,0.01,78,100,21.85,light snow,2022-02-13 19:53:38
156,Praia Da Vitoria,PT,38.7333,-27.0667,59.25,77,75,7.07,broken clouds,2022-02-13 19:53:38
157,Grand Gaube,MU,-20.0064,57.6608,81.37,78,89,7.0,overcast clouds,2022-02-13 19:52:05
158,Pokrovskoye,RU,47.4157,38.8971,32.81,74,0,4.05,clear sky,2022-02-13 19:53:39
159,Morehead,US,37.2711,-87.1764,38.1,43,0,1.99,clear sky,2022-02-13 19:53:39
160,Puertollano,ES,38.6871,-4.1073,52.68,79,100,8.77,overcast clouds,2022-02-13 19:53:39
161,Solnechnyy,RU,50.7214,136.6319,8.31,95,100,4.65,overcast clouds,2022-02-13 19:53:40
162,Ribeira Grande,PT,38.5167,-28.7,59.4,67,40,5.75,scattered clouds,2022-02-13 19:48:07
163,Manta,EC,-0.95,-80.7333,82.18,69,75,5.75,broken clouds,2022-02-13 19:53:40
164,Caapucu,PY,-26.2167,-57.2,90.07,33,20,8.08,few clouds,2022-02-13 19:53:41
165,Doha,QA,25.2867,51.5333,64.38,59,0,8.05,clear sky,2022-02-13 19:53:41
166,Palembang,ID,-2.9167,104.7458,78.89,94,40,0.0,light rain,2022-02-13 19:53:41
167,Puerto Carreno,CO,6.189,-67.4859,94.98,36,20,6.91,few clouds,2022-02-13 19:53:42
168,Borogontsy,RU,62.6683,131.1683,-39.6,100,50,2.24,scattered clouds,2022-02-13 19:53:42
169,Kruisfontein,ZA,-34.0033,24.7314,65.23,91,16,7.49,few clouds,2022-02-13 19:49:21
170,Kavieng,PG,-2.5744,150.7967,80.74,78,96,6.8,overcast clouds,2022-02-13 19:48:47
171,Sinnamary,GF,5.3833,-52.95,78.8,86,67,9.57,broken clouds,2022-02-13 19:47:02
172,Luganville,VU,-15.5333,167.1667,80.06,86,100,10.45,overcast clouds,2022-02-13 19:53:43
173,Tibu,CO,8.639,-72.7358,94.91,35,90,3.2,overcast clouds,2022-02-13 19:53:44
174,Salina,US,38.8403,-97.6114,39.02,41,0,3.44,clear sky,2022-02-13 19:52:26
175,Vuktyl,RU,63.8567,57.3094,4.28,98,100,3.44,overcast clouds,2022-02-13 19:53:44
176,Oussouye,SN,12.485,-16.5469,84.38,24,5,4.99,clear sky,2022-02-13 19:53:44
177,Lompoc,US,34.6391,-120.4579,86.02,28,0,6.91,clear sky,2022-02-13 19:48:42
178,Rafaela,AR,-31.2503,-61.4867,87.01,15,0,1.99,clear sky,2022-02-13 19:53:45
179,Yantzaza,EC,-3.8278,-78.7594,78.3,83,98,2.13,moderate rain,2022-02-13 19:53:45
180,Marsa Matruh,EG,31.3525,27.2453,59.2,63,20,8.05,few clouds,2022-02-13 19:53:46
181,Poso,ID,-1.3959,120.7524,76.14,85,100,4.43,overcast clouds,2022-02-13 19:53:46
182,Port Elizabeth,ZA,-33.918,25.5701,70.09,78,75,12.66,broken clouds,2022-02-13 19:47:00
183,Kaeo,NZ,-35.1,173.7833,61.32,93,80,5.28,broken clouds,2022-02-13 19:53:47
184,Northam,GB,51.0333,-4.2167,48.02,93,100,21.56,overcast clouds,2022-02-13 19:53:47
185,Margate,GB,51.3813,1.3862,49.96,86,100,10.0,overcast clouds,2022-02-13 19:52:03
186,Lata,PT,40.1629,-8.3327,54.05,97,54,5.64,broken clouds,2022-02-13 19:53:48
187,Preobrazheniye,RU,42.9019,133.9064,14.11,57,62,6.24,broken clouds,2022-02-13 19:53:48
188,Rocha,UY,-34.4833,-54.3333,68.22,50,3,15.26,clear sky,2022-02-13 19:53:27
189,Borger,NL,52.9233,6.7931,48.78,71,100,22.32,overcast clouds,2022-02-13 19:53:49
190,Hasaki,JP,35.7333,140.8333,36.0,92,100,33.24,light rain,2022-02-13 19:45:41
191,Solikamsk,RU,59.6196,56.7729,9.01,99,92,2.75,overcast clouds,2022-02-13 19:53:49
192,Faya,SA,18.3851,42.4509,57.72,41,69,3.98,broken clouds,2022-02-13 19:53:50
193,Verkhnyaya Inta,RU,65.9811,60.3094,2.41,83,95,6.69,overcast clouds,2022-02-13 19:53:50
194,Mackay,AU,-21.15,149.2,75.69,83,75,12.66,broken clouds,2022-02-13 19:45:48
195,Saint-Leu,RE,-21.15,55.2833,79.66,82,1,6.35,clear sky,2022-02-13 19:53:51
196,Avarua,CK,-21.2078,-159.775,80.65,78,100,4.61,overcast clouds,2022-02-13 19:48:12
197,Richards Bay,ZA,-28.783,32.0377,75.78,91,44,4.5,scattered clouds,2022-02-13 19:50:45
198,Adrar,MR,20.5022,-10.0711,66.02,19,46,10.18,scattered clouds,2022-02-13 19:49:15
199,Vanimo,PG,-2.6741,141.3028,77.4,89,99,5.57,overcast clouds,2022-02-13 19:50:57
200,Gaoua,BF,10.2992,-3.2508,84.79,12,12,5.12,few clouds,2022-02-13 19:53:52
201,Butaritari,KI,3.0707,172.7902,81.77,75,52,12.62,broken clouds,2022-02-13 19:48:17
202,Arraial Do Cabo,BR,-22.9661,-42.0278,80.56,74,40,16.11,scattered clouds,2022-02-13 19:48:39
203,Stephenville,US,32.2207,-98.2023,64.74,21,0,8.05,clear sky,2022-02-13 19:53:53
204,Saharsa,IN,25.8833,86.6,56.01,57,0,5.12,clear sky,2022-02-13 19:53:53
205,Port-Cartier,CA,50.0334,-66.8654,5.76,66,62,6.17,broken clouds,2022-02-13 19:51:06
206,Jiaozuo,CN,35.2397,113.2331,37.6,72,4,4.65,clear sky,2022-02-13 19:53:54
207,Muros,ES,42.7762,-9.0603,52.84,73,9,18.28,clear sky,2022-02-13 19:47:08
208,Tres Arroyos,AR,-38.3739,-60.2798,80.78,23,0,10.25,clear sky,2022-02-13 19:53:54
209,Nelson Bay,AU,-32.7167,152.15,64.99,72,100,9.48,overcast clouds,2022-02-13 19:50:15
210,Kangaba,ML,11.9333,-8.4167,79.84,12,4,4.27,clear sky,2022-02-13 19:53:55
211,Praia,CV,14.9215,-23.5087,75.74,64,0,18.41,clear sky,2022-02-13 19:53:55
212,Charleston,US,32.7766,-79.9309,65.08,63,75,8.05,broken clouds,2022-02-13 19:50:10
213,Berea,US,41.3662,-81.8543,25.18,81,100,9.22,snow,2022-02-13 19:51:42
214,Barhi,IN,23.9,80.8,55.45,38,0,6.11,clear sky,2022-02-13 19:53:56
215,Nanortalik,GL,60.1432,-45.2371,29.03,80,100,9.42,overcast clouds,2022-02-13 19:50:22
216,Codrington,AU,-38.2667,141.9667,59.86,89,61,6.78,broken clouds,2022-02-13 19:48:12
217,Elizabeth City,US,36.2946,-76.2511,45.01,65,100,20.71,overcast clouds,2022-02-13 19:52:02
218,Puerto Penasco,MX,31.3167,-113.5333,66.9,56,16,5.99,few clouds,2022-02-13 19:53:57
219,Esperance,AU,-33.8667,121.9,58.84,74,0,10.65,clear sky,2022-02-13 19:49:33
220,Dunedin,NZ,-45.8742,170.5036,54.81,78,5,3.36,clear sky,2022-02-13 19:47:41
221,Goroka,PG,-6.0834,145.3873,61.56,98,100,0.94,overcast clouds,2022-02-13 19:53:58
222,Lebaksiu,ID,-7.0496,109.1441,73.96,94,100,2.06,overcast clouds,2022-02-13 19:53:58
223,Severo-Kurilsk,RU,50.6789,156.125,21.92,70,36,10.22,scattered clouds,2022-02-13 19:48:40
224,Nioro,GM,13.35,-15.75,83.43,10,27,7.43,scattered clouds,2022-02-13 19:53:59
225,Bogale,MM,16.2833,95.4,64.69,58,60,6.91,broken clouds,2022-02-13 19:53:59
226,Iralaya,HN,15.0,-83.2333,82.49,64,0,9.93,clear sky,2022-02-13 19:54:00
227,Colgong,IN,25.2667,87.2167,56.73,56,0,3.6,clear sky,2022-02-13 19:54:00
228,Otradnoye,RU,59.7775,30.8181,34.03,89,100,13.11,snow,2022-02-13 19:54:00
229,Flinders,AU,-34.5833,150.8552,68.38,80,100,5.01,overcast clouds,2022-02-13 19:54:01
230,Moskovskiy,RU,55.5991,37.355,29.3,59,0,11.18,light snow,2022-02-13 19:54:01
231,Nizhniy Kuranakh,RU,58.8353,125.4869,-23.98,100,100,2.59,overcast clouds,2022-02-13 19:54:02
232,Clyde River,CA,70.4692,-68.5914,-23.57,76,0,12.66,haze,2022-02-13 19:48:00
233,Praya,CV,14.9215,-23.5087,75.74,64,0,18.41,clear sky,2022-02-13 19:50:11
234,Valleyview,CA,55.0667,-117.2859,35.64,55,82,8.05,broken clouds,2022-02-13 19:54:02
235,Meulaboh,ID,4.1363,96.1285,76.33,90,88,4.85,overcast clouds,2022-02-13 19:50:53
236,Sucua,EC,-2.4667,-78.1667,81.34,61,75,9.22,light rain,2022-02-13 19:54:03
237,Kottayam,IN,9.5833,76.5167,78.82,91,53,2.21,broken clouds,2022-02-13 19:54:04
238,Hirara,JP,24.8,125.2833,66.42,84,100,23.15,overcast clouds,2022-02-13 19:51:22
239,Delta Del Tigre,UY,-34.7633,-56.3853,70.9,52,75,12.66,broken clouds,2022-02-13 19:54:04
240,Kaitangata,NZ,-46.2817,169.8464,54.93,80,16,2.86,few clouds,2022-02-13 19:49:58
241,Roma,US,43.2128,-75.4557,22.42,59,100,3.0,overcast clouds,2022-02-13 19:54:05
242,Norrtalje,SE,59.758,18.705,39.29,85,100,13.27,overcast clouds,2022-02-13 19:54:05
243,Sarkikaraagac,TR,38.0794,31.3664,28.45,86,85,0.74,overcast clouds,2022-02-13 19:54:06
244,Renqiu,CN,38.6989,116.0936,17.55,97,38,5.17,scattered clouds,2022-02-13 19:54:06
245,Longyearbyen,SJ,78.2186,15.6401,9.7,96,100,2.62,overcast clouds,2022-02-13 19:50:55
246,Tiksi,RU,71.6872,128.8694,-12.95,93,11,11.83,few clouds,2022-02-13 19:48:24
247,Sao Filipe,CV,14.8961,-24.4956,75.6,59,52,11.52,broken clouds,2022-02-13 19:47:58
248,Neryungri,RU,56.6709,124.6491,-34.96,100,66,2.06,broken clouds,2022-02-13 19:54:07
249,Saint-Avold,FR,49.1027,6.7006,50.43,68,83,15.73,broken clouds,2022-02-13 19:54:08
250,Atlacomulco,MX,19.7989,-99.8744,62.49,36,62,4.25,broken clouds,2022-02-13 19:54:08
251,Viedma,AR,-40.8135,-62.9967,92.39,13,0,7.9,clear sky,2022-02-13 19:50:20
252,Sobolevo,RU,54.4299,31.8996,23.65,84,56,13.38,broken clouds,2022-02-13 19:54:09
253,Kirakira,SB,-10.4544,161.9205,79.48,84,97,8.48,overcast clouds,2022-02-13 19:48:13
254,Banff,CA,51.1762,-115.5698,42.03,52,98,6.91,overcast clouds,2022-02-13 19:54:09
255,San Jose,US,37.3394,-121.895,78.57,46,0,4.61,clear sky,2022-02-13 19:54:09
256,Antofagasta,CL,-23.65,-70.4,72.21,61,80,10.6,broken clouds,2022-02-13 19:46:34
257,Laguna De Duero,ES,41.5815,-4.7233,46.53,79,100,21.59,overcast clouds,2022-02-13 19:54:10
258,Port Hedland,AU,-20.3167,118.5667,84.25,74,4,11.5,clear sky,2022-02-13 19:48:33
259,Akyab,MM,20.15,92.9,64.33,57,87,7.4,overcast clouds,2022-02-13 19:50:01
260,Taltal,CL,-25.4,-70.4833,71.46,68,14,7.52,few clouds,2022-02-13 19:54:11
261,Amahai,ID,-3.3333,128.9167,76.15,89,100,1.43,overcast clouds,2022-02-13 19:48:37
262,Ketchikan,US,55.3422,-131.6461,46.38,100,100,4.61,light rain,2022-02-13 19:50:12
263,Wamba,NG,8.9333,8.6,79.74,14,9,3.09,clear sky,2022-02-13 19:54:12
264,Fare,PF,-16.7,-151.0167,80.78,74,100,15.82,light rain,2022-02-13 19:54:12
265,Zhangye,CN,38.9342,100.4517,26.04,47,99,1.48,overcast clouds,2022-02-13 19:54:13
266,Muncar,ID,-8.4333,114.3333,75.6,93,100,1.14,overcast clouds,2022-02-13 19:54:13
267,Paka,MY,4.6374,103.4368,76.93,94,31,0.0,scattered clouds,2022-02-13 19:54:14
268,Quang Ngai,VN,15.1167,108.8,72.95,94,100,5.55,overcast clouds,2022-02-13 19:49:54
269,Srandakan,ID,-7.9386,110.2506,61.74,93,100,5.91,very heavy rain,2022-02-13 19:51:01
270,Lorengau,PG,-2.0226,147.2712,80.33,79,100,1.54,overcast clouds,2022-02-13 19:48:51
271,Yenagoa,NG,4.9247,6.2642,81.54,74,31,8.05,scattered clouds,2022-02-13 19:54:15
272,Saint George,US,37.1041,-113.5841,70.36,19,0,3.44,clear sky,2022-02-13 19:46:46
273,Cam Ranh,VN,11.9214,109.1591,76.96,83,20,3.44,few clouds,2022-02-13 19:54:16
274,Marystown,CA,47.1666,-55.1483,35.85,100,72,7.0,broken clouds,2022-02-13 19:54:16
275,Chifeng,CN,42.2683,118.9636,5.86,92,100,5.61,overcast clouds,2022-02-13 19:54:17
276,Nuuk,GL,64.1835,-51.7216,4.89,86,100,6.98,overcast clouds,2022-02-13 19:54:17
277,Porto Franco,BR,-6.3383,-47.3992,79.99,86,56,3.58,broken clouds,2022-02-13 19:54:18
278,Ucluelet,CA,48.9329,-125.5528,53.1,63,98,1.01,overcast clouds,2022-02-13 19:54:18
279,Nantucket,US,41.2835,-70.0995,37.51,86,100,17.27,overcast clouds,2022-02-13 19:49:34
280,Port Augusta,AU,-32.5,137.7667,74.71,51,51,8.48,broken clouds,2022-02-13 19:47:32
281,Avera,US,33.194,-82.5271,58.95,23,13,17.13,few clouds,2022-02-13 19:50:00
282,Newport,GB,51.5877,-2.9984,51.19,91,100,13.27,overcast clouds,2022-02-13 19:54:19
283,Bonavista,CA,48.6499,-53.1147,42.12,72,100,14.94,overcast clouds,2022-02-13 19:48:02
284,Harper,LR,4.375,-7.7169,78.49,83,54,7.63,broken clouds,2022-02-13 19:48:48
285,Saint Andrews,US,34.0454,-81.1293,59.76,54,75,8.05,broken clouds,2022-02-13 19:54:20
286,Sai Buri,TH,6.7013,101.6168,75.99,89,95,7.63,overcast clouds,2022-02-13 19:54:20
287,Biri,PH,12.6833,124.3636,78.62,80,85,12.84,overcast clouds,2022-02-13 19:54:20
288,Saint-Augustin,CA,51.226,-58.6502,1.92,75,1,11.39,clear sky,2022-02-13 19:54:21
289,Hami,CN,42.8,93.45,26.29,51,73,5.59,broken clouds,2022-02-13 19:54:21
290,Bam,IR,29.106,58.357,52.03,54,100,7.61,overcast clouds,2022-02-13 19:54:22
291,Dandong,CN,40.1292,124.3947,27.48,96,100,1.54,snow,2022-02-13 19:54:22
292,Oistins,BB,13.0667,-59.5333,82.49,65,40,18.41,scattered clouds,2022-02-13 19:48:49
293,Lormont,FR,44.875,-0.5178,59.09,59,0,10.36,clear sky,2022-02-13 19:54:22
294,Saint-Georges,GD,12.0564,-61.7485,82.08,65,75,20.71,broken clouds,2022-02-13 19:49:32
295,Yeppoon,AU,-23.1333,150.7333,69.58,81,21,15.73,few clouds,2022-02-13 19:54:23
296,Shelopugino,RU,51.6514,117.5599,-26.09,100,100,1.34,overcast clouds,2022-02-13 19:54:24
297,Aleksandrovskiy Zavod,RU,50.9237,117.9374,-25.46,99,77,3.22,broken clouds,2022-02-13 19:54:24
298,Voznesenye,RU,61.0106,35.4781,29.37,88,100,12.68,light snow,2022-02-13 19:54:24
299,Atar,MR,20.5169,-13.0499,71.78,17,100,9.06,overcast clouds,2022-02-13 19:50:53
300,Urumqi,CN,43.801,87.6005,11.35,85,0,2.24,clear sky,2022-02-13 19:51:06
301,Kahta,TR,37.7855,38.6237,43.97,46,100,4.74,overcast clouds,2022-02-13 19:54:25
302,Oranjemund,NA,-28.55,16.4333,66.45,81,0,12.1,clear sky,2022-02-13 19:54:25
303,Gigant,RU,46.5066,41.3419,30.31,57,0,2.84,clear sky,2022-02-13 19:54:26
304,Inuvik,CA,68.3499,-133.7218,-24.74,75,75,2.3,broken clouds,2022-02-13 19:54:26
305,Sept-Iles,CA,50.2001,-66.3821,6.06,57,40,8.05,scattered clouds,2022-02-13 19:50:27
306,Hithadhoo,MV,-0.6,73.0833,82.15,75,67,9.46,broken clouds,2022-02-13 19:43:28
307,Norman Wells,CA,65.282,-126.8329,-11.16,64,75,5.75,broken clouds,2022-02-13 19:48:28
308,Bandarbeyla,SO,9.4942,50.8122,75.24,65,16,18.37,few clouds,2022-02-13 19:47:06
309,Gazanjyk,TM,39.2446,55.5154,43.2,57,100,14.5,overcast clouds,2022-02-13 19:54:28
310,Ostrovnoy,RU,68.0531,39.5131,15.66,66,100,17.31,overcast clouds,2022-02-13 19:48:48
311,Yichang,CN,30.7144,111.2847,42.85,86,86,1.68,overcast clouds,2022-02-13 19:54:28
312,Sorland,NO,67.667,12.6934,33.66,59,100,25.84,light snow,2022-02-13 19:48:02
313,Yabrud,SY,33.9674,36.6574,35.26,48,0,7.54,clear sky,2022-02-13 19:54:29
314,Peterhead,GB,57.5058,-1.7981,41.56,90,100,8.99,light rain,2022-02-13 19:54:29
315,Bardiyah,LY,31.7561,25.0865,56.17,63,0,7.2,clear sky,2022-02-13 19:50:41
316,Sakaiminato,JP,35.55,133.2333,44.58,65,75,20.71,broken clouds,2022-02-13 19:54:30
317,Lasa,IT,46.6166,10.7002,31.08,63,1,2.06,clear sky,2022-02-13 19:50:50
318,Kalamazoo,US,42.2506,-85.55,22.32,71,100,5.75,overcast clouds,2022-02-13 19:54:30
319,Pajapan,MX,18.25,-94.7,65.64,89,100,16.35,overcast clouds,2022-02-13 19:54:31
320,Salalah,OM,17.0151,54.0924,77.09,38,0,3.44,clear sky,2022-02-13 19:47:52
321,Kirkwood,US,38.5834,-90.4068,37.98,55,9,8.99,clear sky,2022-02-13 19:51:32
322,Namibe,AO,-15.1961,12.1522,75.52,80,100,3.24,overcast clouds,2022-02-13 19:49:04
323,Labuhan,ID,-6.8844,112.2051,75.9,91,100,4.05,overcast clouds,2022-02-13 19:49:34
324,Viadana,IT,44.9333,10.5333,42.19,62,60,3.69,broken clouds,2022-02-13 19:54:32
325,Axim,GH,4.8699,-2.2405,79.39,86,7,7.96,clear sky,2022-02-13 19:54:33
326,Mnogovershinnyy,RU,53.9353,139.9242,-12.39,91,88,2.68,overcast clouds,2022-02-13 19:54:33
327,Togur,RU,58.3631,82.8265,5.85,94,100,11.79,light snow,2022-02-13 19:54:33
328,Buraydah,SA,26.326,43.975,54.05,27,0,6.85,clear sky,2022-02-13 19:54:34
329,Gikongoro,RW,-2.464,29.5739,57.04,88,100,4.92,overcast clouds,2022-02-13 19:54:34
330,Teacapan,MX,22.55,-105.75,83.16,24,100,8.28,overcast clouds,2022-02-13 19:54:35
331,Didi Lilo,GE,41.7361,44.9647,37.18,70,0,17.27,clear sky,2022-02-13 19:54:35
332,Pangnirtung,CA,66.1451,-65.7125,-25.6,75,0,2.3,clear sky,2022-02-13 19:48:34
333,Quatre Cocos,MU,-20.2078,57.7625,81.09,83,76,14.34,broken clouds,2022-02-13 19:51:59
334,Jaypur,IN,18.85,82.5833,58.37,57,66,2.82,broken clouds,2022-02-13 19:54:36
335,Serra Talhada,BR,-7.9919,-38.2983,86.97,39,100,2.3,overcast clouds,2022-02-13 19:54:36
336,Amuntai,ID,-2.4177,115.2494,73.45,86,98,1.59,overcast clouds,2022-02-13 19:54:37
337,Salinas,US,36.6777,-121.6555,81.19,30,0,12.66,clear sky,2022-02-13 19:50:28
338,Manggar,ID,-2.8833,108.2667,77.23,86,90,2.15,overcast clouds,2022-02-13 19:54:37
339,Vizinga,RU,61.0749,50.1031,2.68,100,97,3.38,overcast clouds,2022-02-13 19:54:38
340,Manacapuru,BR,-3.2997,-60.6206,82.98,84,100,3.47,overcast clouds,2022-02-13 19:54:38
341,Elko,US,41.0002,-115.5012,50.74,46,0,5.99,clear sky,2022-02-13 19:54:38
342,Hauterive,FR,46.0901,3.4459,49.01,68,81,15.17,broken clouds,2022-02-13 19:54:39
343,Mancio Lima,BR,-7.6142,-72.8958,71.67,100,100,4.61,overcast clouds,2022-02-13 19:54:39
344,Jalingo,NG,8.8833,11.3667,81.3,13,20,4.16,few clouds,2022-02-13 19:54:39
345,Yokaichiba,JP,35.7,140.55,36.0,93,100,18.41,overcast clouds,2022-02-13 19:54:40
346,Lagoa,PT,39.05,-27.9833,56.43,61,92,5.41,overcast clouds,2022-02-13 19:50:21
347,Vila Franca Do Campo,PT,37.7167,-25.4333,61.2,74,2,5.32,clear sky,2022-02-13 19:51:04
348,Zhovkva,UA,50.0583,23.9726,29.41,71,30,8.55,scattered clouds,2022-02-13 19:54:41
349,Pemangkat,ID,1.1667,108.9667,78.3,86,97,1.74,overcast clouds,2022-02-13 19:54:41
350,Shache,CN,38.4167,77.2406,31.71,46,2,6.08,clear sky,2022-02-13 19:54:41
351,Okhotsk,RU,59.3833,143.3,-14.8,80,1,11.03,clear sky,2022-02-13 19:54:42
352,Sola,VU,-13.8833,167.55,82.11,77,100,18.77,overcast clouds,2022-02-13 19:48:39
353,Kalmunai,LK,7.4167,81.8167,76.03,83,98,6.33,overcast clouds,2022-02-13 19:50:04
354,Ahuimanu,US,21.4447,-157.8378,78.46,71,100,13.8,light rain,2022-02-13 19:51:50
355,Tyazhinskiy,RU,56.116,88.524,-0.62,94,90,6.71,overcast clouds,2022-02-13 19:54:43
356,Tura,IN,25.5198,90.2201,54.39,70,0,4.59,clear sky,2022-02-13 19:51:05
357,Bar Harbor,US,44.3876,-68.2039,24.26,57,100,10.0,overcast clouds,2022-02-13 19:52:57
358,Forio,IT,40.7342,13.8646,52.45,85,23,3.0,few clouds,2022-02-13 19:54:43
359,Cockburn Town,TC,21.4612,-71.1419,80.56,65,40,17.27,scattered clouds,2022-02-13 19:46:53
360,Casma,CL,-41.0082,-73.1244,81.68,38,8,6.46,clear sky,2022-02-13 19:54:44
361,Rio Grande,BR,-32.035,-52.0986,82.51,44,0,15.28,clear sky,2022-02-13 19:48:24
362,Kupang,ID,-10.1667,123.5833,76.93,86,63,4.88,broken clouds,2022-02-13 19:54:45
363,Batagay-Alyta,RU,67.8006,130.4114,-9.22,83,100,3.22,overcast clouds,2022-02-13 19:52:01
364,Coahuayana,MX,18.7333,-103.6833,92.46,31,95,8.52,overcast clouds,2022-02-13 19:54:46
365,Rincon,US,32.296,-81.2354,66.16,43,100,12.77,overcast clouds,2022-02-13 19:54:46
366,Porto Belo,BR,-27.1578,-48.5531,88.63,58,3,11.86,clear sky,2022-02-13 19:54:46
367,Biankouma,CI,7.7391,-7.6138,76.35,26,79,1.25,broken clouds,2022-02-13 19:54:47
368,Bloomingdale,US,27.8936,-82.2404,72.32,81,100,8.05,overcast clouds,2022-02-13 19:52:00
369,Iquique,CL,-20.2208,-70.1431,73.44,66,82,7.7,broken clouds,2022-02-13 19:51:18
370,Mus,TR,39.0,41.75,10.83,87,100,6.93,overcast clouds,2022-02-13 19:54:48
371,Portland,US,45.5234,-122.6762,61.56,46,0,5.75,clear sky,2022-02-13 19:47:34
372,Svetlyy,RU,54.675,20.1347,35.65,73,100,16.53,overcast clouds,2022-02-13 19:54:48
373,Road Town,VG,18.4167,-64.6167,75.24,94,75,10.36,broken clouds,2022-02-13 19:54:49
374,Alta Floresta,BR,-9.8756,-56.0861,84.02,74,75,4.61,broken clouds,2022-02-13 19:48:30
375,Beloha,MG,-25.1667,45.05,75.83,87,29,14.72,scattered clouds,2022-02-13 19:51:58
376,Sao Jose Da Coroa Grande,BR,-8.8978,-35.1478,82.53,71,8,13.85,clear sky,2022-02-13 19:45:56
377,Novyye Lyady,RU,58.0536,56.6039,18.64,100,96,2.28,overcast clouds,2022-02-13 19:54:49
378,Bandar-E Anzali,IR,37.4727,49.4622,48.31,73,100,7.87,overcast clouds,2022-02-13 19:50:14
379,Komsomolskiy,UZ,40.4272,71.7189,38.12,87,75,4.61,mist,2022-02-13 19:48:45
380,Grand-Lahou,CI,5.1367,-5.0242,78.51,86,100,5.19,light rain,2022-02-13 19:54:50
381,Arang,IN,21.2,81.9667,60.22,24,1,3.27,clear sky,2022-02-13 19:54:51
382,Mangrol,IN,21.1167,70.1167,68.29,57,0,11.18,clear sky,2022-02-13 19:54:51
383,Sangar,RU,63.9242,127.4739,-37.19,100,46,2.15,scattered clouds,2022-02-13 19:47:57
384,Nyaunglebin,MM,17.95,96.7333,60.12,36,49,5.84,scattered clouds,2022-02-13 19:54:52
385,Alofi,NU,-19.0595,-169.9187,78.69,89,100,6.91,overcast clouds,2022-02-13 19:50:13
386,Pottsville,US,40.6857,-76.1955,32.95,77,100,1.99,overcast clouds,2022-02-13 19:49:47
387,Weihe,CN,32.9952,105.3247,32.52,93,91,0.22,overcast clouds,2022-02-13 19:54:53
388,Ballina,AU,-28.8667,153.5667,64.78,99,40,4.61,scattered clouds,2022-02-13 19:50:07
389,Tuatapere,NZ,-46.1333,167.6833,47.82,83,11,4.07,few clouds,2022-02-13 19:48:18
390,General Cepeda,MX,25.3833,-101.45,55.29,33,99,6.6,overcast clouds,2022-02-13 19:54:53
391,Oga,IT,46.4631,10.347,26.69,81,0,4.59,clear sky,2022-02-13 19:54:54
392,Palu,ID,-0.8917,119.8707,75.25,91,100,3.15,overcast clouds,2022-02-13 19:54:54
393,Bembereke,BJ,10.2283,2.6634,82.54,13,79,5.61,broken clouds,2022-02-13 19:54:55
394,Kalia,BD,23.0396,89.6328,60.49,54,0,5.95,clear sky,2022-02-13 19:54:55
395,Cabo San Lucas,MX,22.8909,-109.9124,82.51,59,99,1.99,overcast clouds,2022-02-13 19:50:58
396,Umm Kaddadah,SD,13.6017,26.6876,66.42,17,14,12.15,few clouds,2022-02-13 19:53:15
397,Inirida,CO,3.8653,-67.9239,92.64,44,77,2.59,broken clouds,2022-02-13 19:54:56
398,Tucuman,AR,-26.8241,-65.2226,80.6,47,20,10.36,few clouds,2022-02-13 19:54:56
399,Petrozavodsk,RU,61.7849,34.3469,31.48,86,100,11.18,snow,2022-02-13 19:54:49
400,Singojuruh,ID,-8.3167,114.2333,73.36,97,100,1.12,overcast clouds,2022-02-13 19:54:57
401,Sao Joao Da Barra,BR,-21.6403,-41.0511,82.49,85,11,12.86,few clouds,2022-02-13 19:54:57
402,Linhares,BR,-19.3911,-40.0722,80.4,75,38,8.52,scattered clouds,2022-02-13 19:53:34
403,Abha,SA,18.2164,42.5053,57.45,31,0,4.61,clear sky,2022-02-13 19:54:58
404,Smithers,CA,54.7804,-127.1743,28.72,86,100,2.3,overcast clouds,2022-02-13 19:45:48
405,Luangwa,ZM,-15.6167,30.4167,73.27,81,99,2.91,overcast clouds,2022-02-13 19:54:58
406,Novopokrovka,UA,49.8425,36.5477,23.38,96,7,4.05,clear sky,2022-02-13 19:54:59
407,Amapa,BR,1.0,-52.0,79.14,93,100,3.51,overcast clouds,2022-02-13 19:54:59
408,Douentza,ML,14.9951,-2.9517,73.58,13,6,6.55,clear sky,2022-02-13 19:55:00
409,Sri Aman,MY,1.2376,111.4621,77.09,94,96,0.0,overcast clouds,2022-02-13 19:49:40
410,Qasigiannguit,GL,68.8193,-51.1922,28.56,59,100,25.88,overcast clouds,2022-02-13 19:55:00
411,Camacupa,AO,-12.0167,17.4833,61.83,95,73,2.04,light rain,2022-02-13 19:55:01
412,Tucumcari,US,35.1717,-103.725,54.95,27,0,12.39,clear sky,2022-02-13 19:55:01
413,Huaral,PE,-11.495,-77.2078,78.04,63,55,9.57,broken clouds,2022-02-13 19:55:01
414,Sault Sainte Marie,CA,46.5168,-84.3333,19.96,45,0,4.61,clear sky,2022-02-13 19:52:41
415,Las Vegas,US,36.175,-115.1372,72.25,14,0,3.44,clear sky,2022-02-13 19:51:03
416,Santa Elena,EC,-2.2333,-80.85,83.75,61,0,9.22,clear sky,2022-02-13 19:55:02
417,Wanaka,NZ,-44.7,169.15,46.11,80,0,1.99,clear sky,2022-02-13 19:52:34
418,Matara,LK,5.9485,80.5353,74.19,86,100,9.95,overcast clouds,2022-02-13 19:55:03
419,Ostersund,SE,63.1792,14.6357,37.85,75,100,8.05,overcast clouds,2022-02-13 19:51:10
420,Port Hardy,CA,50.6996,-127.4199,46.76,76,75,5.75,broken clouds,2022-02-13 19:51:02
421,Nemuro,JP,43.3236,145.575,26.74,85,99,9.75,overcast clouds,2022-02-13 19:55:04
422,Jurado,CO,7.1053,-77.7641,81.82,79,100,3.91,light rain,2022-02-13 19:55:04
423,Villa Sandino,NI,12.0483,-84.9936,87.17,57,22,19.08,few clouds,2022-02-13 19:55:04
424,Kishtwar,IN,33.3167,75.7667,40.55,71,100,4.34,overcast clouds,2022-02-13 19:55:05
425,Nalut,LY,30.3333,10.85,56.73,25,43,11.23,scattered clouds,2022-02-13 19:55:05
426,Pangody,RU,65.85,74.4859,-13.95,96,85,9.1,overcast clouds,2022-02-13 19:55:06
427,Geraldton,AU,-28.7667,114.6,73.81,88,100,6.91,overcast clouds,2022-02-13 19:49:12
428,Pevek,RU,69.7008,170.3133,-17.43,98,100,8.88,overcast clouds,2022-02-13 19:48:31
429,Severnoye,RU,56.3491,78.3619,12.52,96,100,4.45,light snow,2022-02-13 19:55:06
430,Beeville,US,28.4008,-97.7483,63.95,9,0,8.05,clear sky,2022-02-13 19:55:07
431,Palmer,US,42.1584,-72.3287,31.98,64,100,8.05,overcast clouds,2022-02-13 19:55:07
432,Maldonado,UY,-34.6667,-54.9167,67.39,49,8,15.84,clear sky,2022-02-13 19:55:08
433,Sikonge,TZ,-5.6333,32.7667,64.85,96,98,2.15,moderate rain,2022-02-13 19:55:08
434,Eyl,SO,7.9803,49.8164,75.07,70,88,19.24,overcast clouds,2022-02-13 19:55:08
435,Vanavara,RU,60.34,102.2797,-23.44,99,23,4.36,few clouds,2022-02-13 19:55:09
436,Guane,CU,22.2025,-84.0875,74.39,85,100,4.14,overcast clouds,2022-02-13 19:55:09
437,Jiayuguan,CN,39.8167,98.3,25.21,51,100,6.58,overcast clouds,2022-02-13 19:55:10
438,Necochea,AR,-38.5473,-58.7368,69.94,36,1,7.11,clear sky,2022-02-13 19:46:22
439,Paamiut,GL,61.994,-49.6678,12.7,95,100,19.13,light snow,2022-02-13 19:50:27
440,San Cristobal,VE,7.7669,-72.225,80.78,36,97,4.59,overcast clouds,2022-02-13 19:48:56
441,Bolshaya Sosnova,RU,57.6713,54.6029,6.64,99,90,3.51,overcast clouds,2022-02-13 19:55:10
442,Damaturu,NG,11.747,11.9608,72.68,18,10,9.08,clear sky,2022-02-13 19:55:11
443,Daru,PG,-9.0763,143.2092,78.89,80,51,9.51,broken clouds,2022-02-13 19:48:56
444,Arivonimamo,MG,-19.0167,47.1833,64.45,92,42,7.2,scattered clouds,2022-02-13 19:55:12
445,Ordzhonikidze,KZ,52.4411,61.7408,16.65,96,100,5.03,overcast clouds,2022-02-13 19:55:12
446,San Francisco Del Mar,MX,16.2333,-94.65,70.09,70,100,39.73,overcast clouds,2022-02-13 19:55:12
447,Freeport,US,40.6576,-73.5832,33.66,84,100,8.05,snow,2022-02-13 19:49:44
448,Labuan,MY,5.2767,115.2417,80.76,100,20,0.0,few clouds,2022-02-13 19:55:13
449,Chokurdakh,RU,70.6333,147.9167,-4.25,96,100,10.49,overcast clouds,2022-02-13 19:49:45
450,Bac Lieu,VN,9.285,105.7244,78.71,82,12,11.86,few clouds,2022-02-13 19:50:28
451,Yumen,CN,40.2833,97.2,27.16,42,100,12.41,overcast clouds,2022-02-13 19:50:23
452,Mbandaka,CD,0.0487,18.2603,73.35,86,100,3.56,overcast clouds,2022-02-13 19:55:14
453,Baracoa,CU,20.3467,-74.4958,81.07,65,27,6.26,scattered clouds,2022-02-13 19:55:14
454,Austin,US,30.2672,-97.7431,66.04,27,0,4.0,clear sky,2022-02-13 19:54:11
455,Sungurlu,TR,40.1675,34.3739,31.69,95,100,3.42,overcast clouds,2022-02-13 19:55:15
456,Cabo Rojo,PR,18.0866,-67.1457,83.89,67,46,4.0,scattered clouds,2022-02-13 19:52:39
457,Kokopo,PG,-4.352,152.2633,76.59,85,100,5.68,overcast clouds,2022-02-13 19:55:15
458,Takoradi,GH,4.8845,-1.7554,79.52,84,24,8.37,light rain,2022-02-13 19:55:16
459,Atbasar,KZ,51.8,68.3333,4.12,97,100,5.46,overcast clouds,2022-02-13 19:48:36
460,Nadvoitsy,RU,63.8667,34.3167,28.45,95,100,13.89,light snow,2022-02-13 19:55:16
461,Fort Nelson,CA,58.8053,-122.7002,0.99,71,75,4.61,broken clouds,2022-02-13 19:47:21
462,Balkhash,KZ,46.844,74.9804,15.64,97,100,5.39,overcast clouds,2022-02-13 19:55:17
463,Simao,CN,22.7886,100.9748,46.58,48,0,1.81,clear sky,2022-02-13 19:55:17
464,Sao Francisco Do Conde,BR,-12.6275,-38.68,84.22,72,100,7.94,moderate rain,2022-02-13 19:55:19
465,Kuroishi,JP,40.6389,140.5922,27.77,90,85,5.06,overcast clouds,2022-02-13 19:55:19
466,Ndago,TZ,-4.6,34.35,62.17,91,90,2.93,light rain,2022-02-13 19:55:20
467,Sur,OM,22.5667,59.5289,71.98,68,0,4.0,clear sky,2022-02-13 19:49:12
468,Paddhari,IN,22.4333,70.6,66.78,58,0,7.63,clear sky,2022-02-13 19:55:20
469,Sechura,PE,-5.5569,-80.8222,82.0,57,90,16.51,overcast clouds,2022-02-13 19:55:21
470,Gao,ML,16.6362,1.637,73.33,10,1,3.11,clear sky,2022-02-13 19:55:21
471,Srednekolymsk,RU,67.45,153.6833,-33.47,99,18,6.06,few clouds,2022-02-13 19:48:00
472,Duluth,US,46.7833,-92.1066,12.07,41,0,12.66,clear sky,2022-02-13 19:54:37
473,Diego De Almagro,CL,-26.3667,-70.05,82.15,16,8,13.78,clear sky,2022-02-13 19:55:22
474,Balancan,MX,17.8,-91.5333,73.06,90,100,15.19,overcast clouds,2022-02-13 19:55:23
475,Ambilobe,MG,-13.2,49.05,73.31,94,82,2.13,light rain,2022-02-13 19:55:23
476,Teahupoo,PF,-17.8333,-149.2667,80.56,76,92,17.18,light rain,2022-02-13 19:55:23
477,Sapouy,BF,11.5544,-1.7736,79.27,12,37,7.4,scattered clouds,2022-02-13 19:55:24
478,Ushibuka,JP,32.1906,130.0228,49.95,73,100,9.6,overcast clouds,2022-02-13 19:55:24
479,Tsabong,BW,-26.0217,22.401,84.61,21,69,8.37,broken clouds,2022-02-13 19:55:25
480,Ambon,ID,-3.6954,128.1814,77.14,88,40,5.75,scattered clouds,2022-02-13 19:55:25
481,Ponta Delgada,PT,37.7333,-25.6667,61.5,67,75,8.05,broken clouds,2022-02-13 19:55:25
482,Simpang,ID,-1.2667,104.0833,74.03,98,97,0.47,overcast clouds,2022-02-13 19:55:26
483,Sikeston,US,36.8767,-89.5879,40.48,35,3,13.49,clear sky,2022-02-13 19:55:04
484,Ilulissat,GL,69.2167,-51.1,22.1,65,100,15.01,overcast clouds,2022-02-13 19:50:51
485,Walvis Bay,NA,-22.9575,14.5053,76.15,78,4,3.44,light rain,2022-02-13 19:55:27
486,Feldkirchen-Westerham,DE,47.9075,11.8427,36.75,76,2,4.18,clear sky,2022-02-13 19:55:27
487,Tual,ID,-5.6667,132.75,80.96,77,100,8.77,overcast clouds,2022-02-13 19:49:59
488,Nacala,MZ,-14.5428,40.6728,76.64,92,19,0.69,few clouds,2022-02-13 19:55:28
489,Placido De Castro,BR,-10.3353,-67.1856,73.65,98,100,2.71,overcast clouds,2022-02-13 19:55:28
490,Saraland,US,30.8207,-88.0706,55.26,23,1,12.06,clear sky,2022-02-13 19:55:29
491,The Valley,AI,18.217,-63.0578,78.66,78,75,16.11,broken clouds,2022-02-13 19:55:29
492,Sabang,ID,5.8933,95.3214,81.61,74,49,8.75,scattered clouds,2022-02-13 19:55:29
493,Caravelas,BR,-17.7125,-39.2481,79.74,76,90,9.73,overcast clouds,2022-02-13 19:47:16
494,Ko Samui,TH,9.5357,99.9357,82.06,76,100,12.97,overcast clouds,2022-02-13 19:55:30
495,Tukrah,LY,32.5341,20.5791,53.91,76,0,2.48,clear sky,2022-02-13 19:55:30
496,Camacha,PT,33.0833,-16.3333,57.96,67,20,10.36,few clouds,2022-02-13 19:50:17
497,Hofn,IS,64.2539,-15.2082,21.42,59,16,10.71,few clouds,2022-02-13 19:49:02
498,Rennes,FR,48.1667,-1.6667,52.12,87,100,24.16,moderate rain,2022-02-13 19:55:31
499,Annau,TM,37.8876,58.516,49.5,50,75,16.11,broken clouds,2022-02-13 19:55:31
500,Magugu,TZ,-4.0167,35.7667,67.69,82,100,2.33,overcast clouds,2022-02-13 19:55:32
501,Roebourne,AU,-20.7833,117.1333,84.97,62,72,7.27,broken clouds,2022-02-13 19:55:32
502,Fukue,JP,32.6881,128.8419,52.38,66,100,23.31,overcast clouds,2022-02-13 19:55:33
503,Barcelona,ES,41.3888,2.159,56.77,84,40,13.8,scattered clouds,2022-02-13 19:51:02
504,Jambi,ID,-1.6,103.6167,73.51,97,95,1.07,overcast clouds,2022-02-13 19:55:33
505,Aswan,EG,24.0934,32.907,69.1,22,0,9.22,clear sky,2022-02-13 19:49:27
506,Lethem,GY,3.3803,-59.7968,93.07,39,99,12.59,overcast clouds,2022-02-13 19:55:34
507,Bengkulu,ID,-3.8004,102.2655,76.21,89,100,3.96,light rain,2022-02-13 19:48:15
508,Karratha,AU,-20.7377,116.8463,84.02,63,84,7.49,broken clouds,2022-02-13 19:53:32
509,Iracoubo,GF,5.4802,-53.2011,78.28,87,88,9.15,overcast clouds,2022-02-13 19:55:35
510,Namatanai,PG,-3.6667,152.4333,78.69,80,100,4.14,overcast clouds,2022-02-13 19:49:20
511,Xining,CN,36.6167,101.7667,10.27,75,14,2.35,few clouds,2022-02-13 19:55:35
512,Aksu,CN,41.1231,80.2644,29.03,40,8,4.32,clear sky,2022-02-13 19:46:42
513,Sena Madureira,BR,-9.0656,-68.6569,80.85,89,83,3.87,broken clouds,2022-02-13 19:55:36
514,Riyadh,SA,24.6877,46.7219,55.54,30,0,7.63,clear sky,2022-02-13 19:51:35
515,Kloulklubed,PW,7.0419,134.2556,80.71,83,100,20.92,overcast clouds,2022-02-13 19:55:37
516,Grandola,PT,38.1772,-8.5668,56.35,89,100,11.63,overcast clouds,2022-02-13 19:55:37
517,Waingapu,ID,-9.6567,120.2641,77.52,87,84,4.07,broken clouds,2022-02-13 19:46:09
518,Narsaq,GL,60.9167,-46.05,24.33,90,100,7.0,overcast clouds,2022-02-13 19:50:28
519,Snohomish,US,48.0498,-121.7179,52.14,56,33,1.86,scattered clouds,2022-02-13 19:55:22
520,Izazi,TZ,-7.2,35.7333,70.65,86,100,1.86,light rain,2022-02-13 19:55:38
521,Gobabis,NA,-22.45,18.9667,67.48,80,100,10.92,light rain,2022-02-13 19:55:38
522,Yabelo,ET,4.8833,38.0833,69.21,24,83,5.75,broken clouds,2022-02-13 19:55:39
523,Concepcion,CL,-36.827,-73.0498,66.0,68,40,16.11,scattered clouds,2022-02-13 19:55:39
524,Maumere,ID,-8.6199,122.2111,78.8,80,99,1.19,overcast clouds,2022-02-13 19:55:40
525,Makokou,GA,0.5738,12.8642,75.88,77,25,4.79,scattered clouds,2022-02-13 19:55:40
526,Noyabrsk,RU,63.1994,75.4507,-11.96,99,100,9.51,overcast clouds,2022-02-13 19:55:40
527,Pimentel,PE,-6.8367,-79.9342,82.69,54,0,14.97,clear sky,2022-02-13 19:55:41
528,Tongzi,CN,28.7829,105.0877,49.21,76,93,0.6,overcast clouds,2022-02-13 19:55:41
529,Grants Pass,US,42.439,-123.3284,66.88,48,0,11.5,clear sky,2022-02-13 19:55:42
530,Groningen,NL,53.25,6.75,49.01,72,100,19.57,overcast clouds,2022-02-13 19:55:42
531,Epinal,FR,48.1833,6.45,47.88,64,37,13.82,scattered clouds,2022-02-13 19:55:42
532,Guerrero Negro,MX,27.9769,-114.0611,80.01,21,15,4.81,few clouds,2022-02-13 19:50:27
533,Blyth,GB,55.1271,-1.5086,47.35,97,75,3.44,broken clouds,2022-02-13 19:55:43
534,Mehran,IR,33.1222,46.1646,56.68,40,0,4.41,clear sky,2022-02-13 19:55:43
535,Kampong Thum,KH,12.7111,104.8887,78.1,71,60,5.5,broken clouds,2022-02-13 19:55:44
536,Mogadishu,SO,2.0371,45.3438,77.43,82,100,17.81,overcast clouds,2022-02-13 19:55:44
537,Luena,AO,-11.7833,19.9167,64.2,87,98,1.19,overcast clouds,2022-02-13 19:49:44
538,Betanzos,ES,43.2804,-8.2147,53.1,79,20,12.66,few clouds,2022-02-13 19:55:45
539,Taperoa,BR,-7.2075,-36.8267,89.22,28,100,5.86,overcast clouds,2022-02-13 19:55:45
540,Izumo,JP,35.3667,132.7667,44.55,71,100,14.79,overcast clouds,2022-02-13 19:50:55
541,Jawhar,SO,2.7809,45.5005,75.27,75,100,13.49,overcast clouds,2022-02-13 19:55:46
542,Egvekinot,RU,66.3167,-179.1667,-19.95,92,90,7.23,overcast clouds,2022-02-13 19:51:01
543,Chaska,US,44.7894,-93.6022,10.35,57,100,8.01,overcast clouds,2022-02-13 19:55:46
544,Kosa,RU,59.9445,54.9977,4.39,100,94,2.73,overcast clouds,2022-02-13 19:55:47
545,Rognan,NO,67.0953,15.3878,32.14,90,100,5.26,light snow,2022-02-13 19:55:47
546,Tigil,RU,57.8,158.6667,-10.34,98,100,3.11,overcast clouds,2022-02-13 19:55:48
547,Capinzal,BR,-27.3436,-51.6119,85.96,49,71,7.58,broken clouds,2022-02-13 19:55:48
548,Miranda De Ebro,ES,42.6865,-2.947,55.83,78,100,16.73,overcast clouds,2022-02-13 19:53:10
549,Abu Zabad,SD,12.35,29.25,69.75,14,6,12.1,clear sky,2022-02-13 19:55:49
550,Pedro Betancourt,CU,22.7272,-81.29,81.46,62,100,13.02,overcast clouds,2022-02-13 19:55:49
551,Mitzic,GA,0.7821,11.549,71.87,90,99,3.67,overcast clouds,2022-02-13 19:55:50
552,Ati,TD,13.2154,18.3353,78.19,11,54,11.3,broken clouds,2022-02-13 19:55:50
553,La Primavera,CO,5.4906,-70.4092,92.88,31,92,12.84,overcast clouds,2022-02-13 19:55:50
554,Sao Domingos,BR,-13.3983,-46.3183,76.64,78,61,4.25,broken clouds,2022-02-13 19:55:51
555,Yumbe,UG,3.4651,31.2469,77.79,33,59,5.61,broken clouds,2022-02-13 19:55:51
556,Plymouth,US,41.8334,-70.8328,32.16,91,100,11.5,snow,2022-02-13 19:55:51
557,Kapoeta,SS,4.7717,33.5903,87.01,26,80,4.09,broken clouds,2022-02-13 19:55:52
558,Vestmannaeyjar,IS,63.4427,-20.2734,33.6,74,98,28.48,overcast clouds,2022-02-13 19:49:49
559,Garden City,US,42.3256,-83.331,22.98,74,75,5.75,broken clouds,2022-02-13 19:55:53
560,Mielec,PL,50.2871,21.4239,35.94,74,15,8.1,few clouds,2022-02-13 19:55:53
561,Nawa,IN,27.0167,75.0,59.02,35,0,4.9,clear sky,2022-02-13 19:55:54
562,Chicama,PE,-7.8447,-79.1469,70.34,53,74,11.68,broken clouds,2022-02-13 19:55:54
563,Toppenish,US,46.3774,-120.3087,49.71,48,0,1.28,clear sky,2022-02-13 19:55:55
564,Puerto Ayacucho,VE,5.6639,-67.6236,94.78,35,28,4.72,scattered clouds,2022-02-13 19:55:55
565,Youkounkoun,GN,12.5333,-13.1333,82.58,12,0,5.32,clear sky,2022-02-13 19:55:56
566,Vidor,US,30.1316,-94.0155,58.95,25,0,7.52,clear sky,2022-02-13 19:55:06
567,Kultuk,RU,51.7208,103.6956,-7.64,98,99,2.8,overcast clouds,2022-02-13 19:55:56
568,Shar,KZ,49.5886,81.0453,21.58,95,100,14.43,snow,2022-02-13 19:55:57
569,Porto Novo,BJ,6.4965,2.6036,84.02,74,9,9.26,clear sky,2022-02-13 19:51:32
570,Caluquembe,AO,-13.7833,14.6833,61.48,66,82,5.88,broken clouds,2022-02-13 19:55:57
571,Lubango,AO,-14.9172,13.4925,59.29,75,57,3.8,broken clouds,2022-02-13 19:55:58
572,Soto La Marina,MX,23.7667,-98.2167,62.78,21,88,8.95,overcast clouds,2022-02-13 19:55:58
573,Buseresere,TZ,-3.0236,31.8747,65.07,81,100,3.96,overcast clouds,2022-02-13 19:55:58
574,Tazovskiy,RU,67.4667,78.7,-9.89,97,21,10.74,few clouds,2022-02-13 19:55:59
575,Chiredzi,ZW,-21.05,31.6667,73.27,47,0,4.05,clear sky,2022-02-13 19:54:03
576,Mount Lebanon,US,40.3554,-80.0495,27.9,63,100,5.75,haze,2022-02-13 19:55:59
577,Baoying,CN,33.2292,119.3092,40.35,75,57,2.55,broken clouds,2022-02-13 19:56:00
578,Tarakan,ID,3.3,117.6333,76.5,94,40,0.0,scattered clouds,2022-02-13 19:48:15
579,Stege,DK,54.987,12.2846,40.08,72,100,22.37,overcast clouds,2022-02-13 19:51:02
580,Xuanhua,CN,40.6103,115.0447,6.28,74,14,8.21,few clouds,2022-02-13 19:56:01
581,Yangjiang,CN,21.85,111.9667,57.34,85,86,5.79,overcast clouds,2022-02-13 19:56:01
582,Kavaratti,IN,10.5669,72.642,80.55,72,66,5.06,broken clouds,2022-02-13 19:49:00
583,Villazon,BO,-22.0866,-65.5942,65.77,34,95,10.94,overcast clouds,2022-02-13 19:54:04
584,Gualaquiza,EC,-3.4,-78.55,72.93,83,100,2.06,light rain,2022-02-13 19:51:52
585,Balabac,PH,7.9868,117.0645,80.35,79,100,13.51,overcast clouds,2022-02-13 19:56:02
586,Hof,DE,50.3167,11.9167,38.07,76,7,2.3,clear sky,2022-02-13 19:56:02
587,Daphne,US,30.6035,-87.9036,55.58,27,0,15.3,clear sky,2022-02-13 19:56:03
588,Kiunga,PG,-6.1219,141.2906,72.95,96,100,1.7,overcast clouds,2022-02-13 19:49:20
589,Makakilo City,US,21.3469,-158.0858,77.29,69,0,5.75,clear sky,2022-02-13 19:47:37
590,Killybegs,IE,54.6333,-8.45,41.45,91,100,9.69,overcast clouds,2022-02-13 19:56:03
591,Bhimunipatnam,IN,17.8833,83.4333,67.51,60,7,4.34,clear sky,2022-02-13 19:56:04
592,Milwaukee,US,43.0006,-87.9668,18.05,49,0,10.36,clear sky,2022-02-13 19:54:24
593,Leningradskiy,RU,69.3833,178.4167,-16.15,93,97,5.91,overcast clouds,2022-02-13 19:49:14
594,Svitavy,CZ,49.7559,16.4683,35.53,58,0,13.89,clear sky,2022-02-13 19:56:05
595,Illapel,CL,-31.6308,-71.1653,78.49,48,0,9.75,clear sky,2022-02-13 19:56:05
596,Nishihara,JP,26.1842,127.7558,64.06,94,100,23.02,light rain,2022-02-13 19:49:22
597,Havre-Saint-Pierre,CA,50.2334,-63.5986,5.59,55,0,9.22,clear sky,2022-02-13 19:48:11
598,Atikokan,CA,48.7555,-91.6216,0.25,79,100,6.02,overcast clouds,2022-02-13 19:56:06
599,Timmins,CA,48.4669,-81.3331,-0.58,50,20,2.3,few clouds,2022-02-13 19:52:39
600,Honiara,SB,-9.4333,159.95,78.57,85,90,4.61,overcast clouds,2022-02-13 19:52:07
601,Alyangula,AU,-13.8483,136.4192,73.27,100,36,0.0,scattered clouds,2022-02-13 19:56:06
602,San Policarpo,PH,12.1791,125.5072,78.64,80,99,12.57,overcast clouds,2022-02-13 19:56:07
603,Mariental,NA,-24.6333,17.9667,71.69,61,90,15.3,light rain,2022-02-13 19:56:07
604,Simpang Empat,MY,4.95,100.6333,79.97,96,90,2.95,light rain,2022-02-13 19:56:08
605,Kindu,CD,-2.95,25.95,70.63,98,100,2.71,overcast clouds,2022-02-13 19:50:24
606,Mushie,CD,-3.0167,16.9,70.81,93,100,3.8,light rain,2022-02-13 19:56:08
607,Mopipi,BW,-21.1833,24.8833,78.35,33,26,4.54,scattered clouds,2022-02-13 19:56:09
608,La Orilla,MX,17.9833,-102.2333,85.91,41,57,9.53,broken clouds,2022-02-13 19:56:09
609,Ekhabi,RU,53.5102,142.9671,-12.37,97,16,9.33,few clouds,2022-02-13 19:56:09
610,Mollendo,PE,-17.0231,-72.0147,74.1,71,57,9.53,broken clouds,2022-02-13 19:56:10
611,El Sauzal,MX,31.9,-116.6833,74.52,25,2,5.7,clear sky,2022-02-13 19:56:10
612,Tambopata,PE,-12.7333,-69.1833,80.49,69,75,5.75,broken clouds,2022-02-13 19:56:11
613,Punta Umbria,ES,37.1821,-6.9661,59.23,63,100,9.95,overcast clouds,2022-02-13 19:56:11
614,Ternate,ID,0.8,127.4,79.57,77,100,2.01,overcast clouds,2022-02-13 19:51:04
615,Puerto Quijarro,BO,-17.7833,-57.7667,92.46,41,91,7.07,overcast clouds,2022-02-13 19:56:12
616,Monte Di Procida,IT,40.7981,14.0502,51.87,82,41,5.73,scattered clouds,2022-02-13 19:56:12
617,Foumban,CM,5.7291,10.9001,72.25,22,63,2.28,broken clouds,2022-02-13 19:56:12
618,Kampong Chhnang,KH,12.1667,104.55,79.48,67,58,8.88,broken clouds,2022-02-13 19:56:13
619,Altamira,BR,-3.2033,-52.2064,84.29,70,40,4.61,scattered clouds,2022-02-13 19:48:16
620,Dalton,US,34.7698,-84.9702,47.03,29,0,14.97,clear sky,2022-02-13 19:56:14
621,Dezhou,CN,37.4486,116.2925,27.0,85,99,9.08,overcast clouds,2022-02-13 19:56:14
622,Washougal,US,45.5826,-122.3534,63.16,43,2,3.0,clear sky,2022-02-13 19:56:15
623,Haverfordwest,GB,51.8017,-4.9691,46.35,92,100,5.01,overcast clouds,2022-02-13 19:56:15
624,Nusaybin,TR,37.0778,41.2178,48.11,40,25,5.32,scattered clouds,2022-02-13 19:56:15
625,Voskresenskoye,RU,56.8381,45.4317,2.73,100,71,2.55,broken clouds,2022-02-13 19:56:16
626,Trelew,AR,-43.249,-65.3051,98.04,10,0,12.84,clear sky,2022-02-13 19:56:16
627,Matay,EG,28.419,30.7792,57.94,62,3,17.18,clear sky,2022-02-13 19:56:17
628,Khurai,IN,24.0436,78.3319,57.22,33,0,6.44,clear sky,2022-02-13 19:56:17
629,Grootfontein,NA,-19.5667,18.1167,67.23,82,83,6.2,light rain,2022-02-13 19:56:17
630,Melilla,ES,35.2937,-2.9383,55.78,76,0,3.44,clear sky,2022-02-13 19:56:18
631,Chumikan,RU,54.7183,135.315,-13.09,94,96,5.28,overcast clouds,2022-02-13 19:56:18
632,Bourail,NC,-21.5667,165.4833,78.8,85,100,3.29,overcast clouds,2022-02-13 19:56:19
633,Loreto,MX,22.2667,-101.9667,62.4,34,85,9.66,overcast clouds,2022-02-13 19:56:19
634,Rajsamand,IN,25.0667,73.8833,56.84,35,0,1.97,clear sky,2022-02-13 19:56:19
635,Huilong,CN,31.8111,121.655,42.04,83,1,8.77,clear sky,2022-02-13 19:56:20
636,Olympia,US,47.0379,-122.9007,57.0,60,4,1.99,clear sky,2022-02-13 19:51:40
637,Cotonou,BJ,6.3654,2.4183,84.18,84,20,11.5,few clouds,2022-02-13 19:53:54
638,Saint-Pierre,RE,-21.3393,55.4781,80.28,78,0,16.11,clear sky,2022-02-13 19:48:18
639,Aykhal,RU,66.0,111.5,-8.77,50,15,0.96,few clouds,2022-02-13 19:52:08
640,Semey,KZ,50.4111,80.2275,23.31,88,100,16.67,overcast clouds,2022-02-13 19:56:21
641,Udachnyy,RU,66.4167,112.4,-21.95,94,63,1.79,broken clouds,2022-02-13 19:48:52
642,Chengde,CN,40.9725,117.9361,15.13,94,95,3.29,light snow,2022-02-13 19:56:22
643,Tatarsk,RU,55.219,75.9828,7.41,95,100,9.28,overcast clouds,2022-02-13 19:56:22
644,Sao Joao Batista,BR,-27.2761,-48.8494,88.5,57,28,4.81,scattered clouds,2022-02-13 19:56:22
645,Halle,DE,51.5,12.0,44.19,73,0,8.05,clear sky,2022-02-13 19:55:06
646,Nampula,MZ,-15.1165,39.2666,69.75,100,100,5.99,thunderstorm with rain,2022-02-13 19:56:23
647,Bisira,PA,8.5196,-81.7115,74.16,46,25,6.06,scattered clouds,2022-02-13 19:56:23
648,Hovd,MN,48.0056,91.6419,-13.27,81,15,3.09,few clouds,2022-02-13 19:56:24
649,Xai-Xai,MZ,-25.0519,33.6442,74.71,82,0,8.95,clear sky,2022-02-13 19:49:07
650,Poum,NC,-20.2333,164.0167,81.57,78,94,13.53,overcast clouds,2022-02-13 19:50:26
651,Jacobina,BR,-11.1806,-40.5183,73.98,87,100,2.62,overcast clouds,2022-02-13 19:56:25
652,Tebingtinggi,ID,3.3285,99.1625,77.05,95,57,2.8,broken clouds,2022-02-13 19:56:25
653,Aksarka,RU,66.5606,67.7975,-13.05,100,100,2.68,overcast clouds,2022-02-13 19:49:32
654,Bizhbulyak,RU,53.6967,54.2642,17.49,96,100,6.73,light snow,2022-02-13 19:56:26
655,Hrodna,BY,53.6884,23.8258,31.87,66,25,13.0,scattered clouds,2022-02-13 19:56:26
656,Port Blair,IN,11.6667,92.75,73.44,83,20,3.44,mist,2022-02-13 19:49:17
657,Usinsk,RU,65.9939,57.5281,9.63,96,99,9.4,overcast clouds,2022-02-13 19:56:27
658,Popondetta,PG,-8.7537,148.2534,73.2,95,100,2.59,moderate rain,2022-02-13 19:56:27
659,Banswara,IN,23.55,74.45,65.73,30,0,6.98,clear sky,2022-02-13 19:56:28
660,Maniitsoq,GL,65.4167,-52.9,3.02,87,100,15.73,light snow,2022-02-13 19:50:00
661,Myitkyina,MM,25.3833,97.4,52.2,71,0,2.75,clear sky,2022-02-13 19:56:28
662,Xichang,CN,27.8964,102.2634,38.64,72,0,1.36,clear sky,2022-02-13 19:56:29
663,Camana,PE,-16.6228,-72.7111,75.31,70,12,9.26,few clouds,2022-02-13 19:51:18
664,Iskateley,RU,67.6803,53.1512,-0.09,98,60,8.14,broken clouds,2022-02-13 19:56:29
665,Najran,SA,17.4924,44.1277,57.85,40,17,3.58,few clouds,2022-02-13 19:50:31
666,Pingzhuang,CN,42.0372,119.2889,6.8,88,100,9.6,overcast clouds,2022-02-13 19:56:30
667,Tilichiki,RU,60.4667,166.1,-19.52,93,7,9.84,clear sky,2022-02-13 19:49:24
668,Kjollefjord,NO,70.9457,27.3465,21.25,91,100,12.68,light snow,2022-02-13 19:48:30
669,Ziarat,PK,30.3823,67.7282,38.23,43,71,0.47,broken clouds,2022-02-13 19:56:31
670,Mazagao,BR,-0.115,-51.2894,87.85,89,100,3.83,overcast clouds,2022-02-13 19:49:31
671,Tagbac,PH,7.089,125.1567,70.12,89,100,2.8,overcast clouds,2022-02-13 19:56:31
672,Puerto Colombia,CO,10.9878,-74.9547,89.69,69,63,24.83,broken clouds,2022-02-13 19:56:32
